id,state,institution,series,first_enrollment,degree_enrollment,number_recipients,avg_aid,total_aid,total_cost,udgr_enrollment,acceptance_rate,udgr_recipients,udgr_avg,udgr_aid,private,public,urban,rural,carnegie,doctoral,masters,bachelor,city,suburban,town_rural
168546,MI,Albion College,2012_13,14,53,48,16484,951791,55195,1355,0.7,355,18819,6680745,1,0,0,1,0,0,0,1,0,0,1
168546,MI,Albion College,2013_14,3,39,33,16705,652894,57080,1284,0.56,346,20840,7210640,1,0,0,1,0,0,0,1,0,0,1
168546,MI,Albion College,2014_15,2,30,26,17611,526572,57137,1249,0.61,356,22819,8123564,1,0,0,1,0,0,0,1,0,0,1
168546,MI,Albion College,2015_16,15,34,33,24183,899545,58710,1360,0.8,455,28503,12968865,1,0,0,1,0,0,0,1,0,0,1
168546,MI,Albion College,2016_17,9,31,29,30495,981787,60116,1393,0.72,402,30915,12427830,1,0,0,1,0,0,0,1,0,0,1
168546,MI,Albion College,2017_18,1,28,27,32634,949198,61135,1558,0.71,515,35386,18223790,1,0,0,1,0,0,0,1,0,0,1
168546,MI,Albion College,2018_19,6,26,25,34947,916831,62407,1512,0.68,428,37255,15945140,1,0,0,1,0,0,0,1,0,0,1
168546,MI,Albion College,2019_20,4,23,22,38669,867183,63359,1451,0.69,NA,NA,NA,1,0,0,1,0,0,0,1,0,0,1
143084,IL,Augustana College,2012_13,NA,NA,NA,NA,NA,54851,2531,0.69,644,19326,12445944,1,0,1,0,0,0,0,1,1,0,0
143084,IL,Augustana College,2013_14,NA,NA,NA,NA,NA,55827,2504,0.59,608,19467,11835936,1,0,1,0,0,0,0,1,1,0,0
143084,IL,Augustana College,2014_15,27,56,44,24609,1245222,56201,2469,0.54,716,23161,16583276,1,0,1,0,0,0,0,1,1,0,0
143084,IL,Augustana College,2015_16,27,87,61,23535,1618264,57147,2454,0.49,666,24168,16095888,1,0,1,0,0,0,0,1,1,0,0
143084,IL,Augustana College,2016_17,43,120,86,24502,2339360,57571,2522,0.52,689,25060,17266340,1,0,1,0,0,0,0,1,1,0,0
143084,IL,Augustana College,2017_18,87,186,123,24982,3310244,57550,2634,0.59,735,26173,19237155,1,0,1,0,0,0,0,1,1,0,0
143084,IL,Augustana College,2018_19,90,246,193,28351,5741985,57619,2529,0.64,630,27157,17108910,1,0,1,0,0,0,0,1,1,0,0
143084,IL,Augustana College,2019_20,102,295,212,29193,6308714,57798,2532,0.57,NA,NA,NA,1,0,1,0,0,0,0,1,1,0,0
201195,OH,Baldwin Wallace University,2012_13,1,48,15,9500,171418,46157,3428,0.65,712,15242,10852304,1,0,0,1,1,0,1,0,0,1,0
201195,OH,Baldwin Wallace University,2013_14,7,48,15,10572,187826,46462,3331,0.64,761,15488,11786368,1,0,0,1,1,0,1,0,0,1,0
201195,OH,Baldwin Wallace University,2014_15,11,35,25,12600,363395,47734,3276,0.64,715,16314,11664510,1,0,0,1,1,0,1,0,0,1,0
201195,OH,Baldwin Wallace University,2015_16,7,31,18,15700,317870,48844,3300,0.6,756,17500,13230000,1,0,0,1,1,0,1,0,0,1,0
201195,OH,Baldwin Wallace University,2016_17,3,25,21,14615,340710,49565,3228,0.6,700,17174,12021800,1,0,0,1,1,0,1,0,0,1,0
201195,OH,Baldwin Wallace University,2017_18,1,23,22,13110,310255,49559,3131,0.78,682,18892,12884344,1,0,0,1,1,0,1,0,0,1,0
201195,OH,Baldwin Wallace University,2018_19,4,22,22,12100,279138,49875,3058,0.74,663,19796,13124748,1,0,0,1,1,0,1,0,0,1,0
201195,OH,Baldwin Wallace University,2019_20,1,17,14,12643,180427,51233,2925,0.73,NA,NA,NA,1,0,0,1,1,0,1,0,0,1,0
238333,WI,Beloit College,2012_13,NA,NA,NA,NA,NA,58025,1255,0.67,296,22643,6702328,1,0,1,0,0,0,0,1,1,0,0
238333,WI,Beloit College,2013_14,NA,NA,NA,NA,NA,59698,1244,0.68,295,24272,7160240,1,0,1,0,0,0,0,1,1,0,0
238333,WI,Beloit College,2014_15,NA,NA,NA,NA,NA,60110,1225,0.69,294,23900,7026600,1,0,1,0,0,0,0,1,1,0,0
238333,WI,Beloit College,2015_16,NA,NA,NA,NA,NA,62266,1271,0.69,382,28134,10747188,1,0,1,0,0,0,0,1,1,0,0
238333,WI,Beloit College,2016_17,76,177,171,24722,4693173,63841,1315,0.7,373,29492,11000516,1,0,1,0,0,0,0,1,1,0,0
238333,WI,Beloit College,2017_18,50,205,199,27707,5880051,64035,1324,0.54,316,32066,10132856,1,0,1,0,0,0,0,1,1,0,0
238333,WI,Beloit College,2018_19,53,212,211,31216,6748127,64626,1212,0.56,262,35052,9183624,1,0,1,0,0,0,0,1,1,0,0
238333,WI,Beloit College,2019_20,45,197,193,35056,6896804,64744,1069,0.62,NA,NA,NA,1,0,1,0,0,0,0,1,1,0,0
150145,IN,Bethel University,2012_13,NA,NA,NA,NA,NA,41573,1733,0.73,222,11372,2524584,1,0,1,0,1,0,1,0,1,0,0
150145,IN,Bethel University,2013_14,NA,NA,NA,NA,NA,41962,1579,0.72,245,12003,2940735,1,0,1,0,1,0,1,0,1,0,0
150145,IN,Bethel University,2014_15,3,12,9,22270,230491,42216,1520,0.71,215,13901,2988715,1,0,1,0,1,0,1,0,1,0,0
150145,IN,Bethel University,2015_16,6,13,13,20219,296286,43882,1436,0.67,277,14049,3891573,1,0,1,0,1,0,1,0,1,0,0
150145,IN,Bethel University,2016_17,0,9,9,23127,231075,44140,1339,0.98,229,13876,3177604,1,0,1,0,1,0,1,0,1,0,0
150145,IN,Bethel University,2017_18,0,6,6,23130,149503,43877,1254,0.9,226,14147,3197222,1,0,1,0,1,0,1,0,1,0,0
150145,IN,Bethel University,2018_19,4,22,17,18813,335609,43644,1244,0.92,295,15714,4635630,1,0,1,0,1,0,1,0,1,0,0
150145,IN,Bethel University,2019_20,2,13,13,20145,266961,43227,1174,0.94,NA,NA,NA,1,0,1,0,1,0,1,0,1,0,0
201441,OH,"Bowling Green State University, Main Campus",2012_13,NA,NA,NA,NA,NA,36403,14514,0.74,2760,4130,11398800,0,1,0,1,1,1,0,0,0,0,1
201441,OH,"Bowling Green State University, Main Campus",2013_14,NA,NA,NA,NA,NA,36495,14161,0.73,2342,5603,13122226,0,1,0,1,1,1,0,0,0,0,1
201441,OH,"Bowling Green State University, Main Campus",2014_15,35,241,96,10601,1170332,36300,13697,0.53,2155,5467,11781385,0,1,0,1,1,1,0,0,0,0,1
201441,OH,"Bowling Green State University, Main Campus",2015_16,49,264,114,10409,1337576,35608,13900,0.73,2341,5431,12713971,0,1,0,1,1,1,0,0,0,0,1
201441,OH,"Bowling Green State University, Main Campus",2016_17,43,274,140,11553,1795542,35411,13901,0.76,2341,5400,12641400,0,1,0,1,1,1,0,0,0,0,1
201441,OH,"Bowling Green State University, Main Campus",2017_18,34,261,169,11433,2081472,34586,13790,0.73,2282,5655,12904710,0,1,0,1,1,1,0,0,0,0,1
201441,OH,"Bowling Green State University, Main Campus",2018_19,51,264,171,11244,2017715,34528,13729,0.72,2225,5985,13316625,0,1,0,1,1,1,0,0,0,0,1
201441,OH,"Bowling Green State University, Main Campus",2019_20,57,236,176,12486,2240111,33818,13772,0.72,NA,NA,NA,0,1,0,1,1,1,0,0,0,0,1
201645,OH,Case Western Reserve University,2012_13,93,316,5,28768,173030,67396,4278,0.54,1172,29318,34360696,1,0,1,0,1,1,0,0,1,0,0
201645,OH,Case Western Reserve University,2013_14,144,375,14,17159,284512,68453,4551,0.42,1057,26884,28416388,1,0,1,0,1,1,0,0,1,0,0
201645,OH,Case Western Reserve University,2014_15,147,442,31,13245,472203,68578,4807,0.38,1088,26616,28958208,1,0,1,0,1,1,0,0,1,0,0
201645,OH,Case Western Reserve University,2015_16,189,535,40,25520,1150744,69334,5039,0.36,1018,27016,27502288,1,0,1,0,1,1,0,0,1,0,0
201645,OH,Case Western Reserve University,2016_17,197,625,79,23228,2037158,70389,5048,0.35,1029,27362,28155498,1,0,1,0,1,1,0,0,1,0,0
201645,OH,Case Western Reserve University,2017_18,187,670,96,27336,2827042,72397,5020,0.33,1092,31673,34586916,1,0,1,0,1,1,0,0,1,0,0
201645,OH,Case Western Reserve University,2018_19,177,693,127,31870,4247474,70658,5131,0.29,1186,30077,35671322,1,0,1,0,1,1,0,0,1,0,0
201645,OH,Case Western Reserve University,2019_20,212,721,157,30735,4918897,70986,5269,0.27,NA,NA,NA,1,0,1,0,1,1,0,0,1,0,0
169248,MI,Central Michigan University,2012_13,NA,NA,NA,NA,NA,41340,20848,0.69,2229,6571,14646759,0,1,0,1,1,1,0,0,0,0,1
169248,MI,Central Michigan University,2013_14,NA,NA,NA,NA,NA,40806,20070,0.63,2043,6111,12484773,0,1,0,1,1,1,0,0,0,0,1
169248,MI,Central Michigan University,2014_15,NA,NA,NA,NA,NA,39812,20297,0.69,2964,6410,18999240,0,1,0,1,1,1,0,0,0,0,1
169248,MI,Central Michigan University,2015_16,NA,NA,NA,NA,NA,39161,19954,0.69,2771,6726,18637746,0,1,0,1,1,1,0,0,0,0,1
169248,MI,Central Michigan University,2016_17,23,400,53,5979,351825,38871,19551,0.72,2965,6794,20144210,0,1,0,1,1,1,0,0,0,0,1
169248,MI,Central Michigan University,2017_18,14,342,58,9186,573990,37959,17489,0.68,2621,7495,19644395,0,1,0,1,1,1,0,0,0,0,1
169248,MI,Central Michigan University,2018_19,25,342,75,8320,654805,37829,16157,0.69,2437,7440,18131280,0,1,0,1,1,1,0,0,0,0,1
169248,MI,Central Michigan University,2019_20,16,264,91,10633,986303,37235,14409,0.7,NA,NA,NA,0,1,0,1,1,1,0,0,0,0,1
202134,OH,Cleveland State University,2012_13,33,433,49,13558,800935,33752,11162,0.63,684,5442,3722328,0,1,1,0,1,1,0,0,1,0,0
202134,OH,Cleveland State University,2013_14,62,547,47,14768,822074,33754,11484,0.63,706,5325,3759450,0,1,1,0,1,1,0,0,1,0,0
202134,OH,Cleveland State University,2014_15,NA,NA,NA,NA,NA,33724,11308,0.84,622,5258,3270476,0,1,1,0,1,1,0,0,1,0,0
202134,OH,Cleveland State University,2015_16,71,616,48,11877,642633,33692,11658,0.88,828,5987,4957236,0,1,1,0,1,1,0,0,1,0,0
202134,OH,Cleveland State University,2016_17,47,595,46,12824,654897,33787,11752,0.88,852,5757,4904964,0,1,1,0,1,1,0,0,1,0,0
202134,OH,Cleveland State University,2017_18,89,621,48,13442,695082,32878,11647,0.9,1037,5111,5300107,0,1,1,0,1,1,0,0,1,0,0
202134,OH,Cleveland State University,2018_19,101,717,62,15149,985625,33572,11603,0.88,1066,5182,5524012,0,1,1,0,1,1,0,0,1,0,0
202134,OH,Cleveland State University,2019_20,NA,NA,NA,NA,NA,33152,11267,0.94,NA,NA,NA,0,1,1,0,1,1,0,0,1,0,0
150455,IN,Earlham College,2012_13,NA,NA,NA,NA,NA,61265,1020,0.75,274,27398,7507052,1,0,0,1,0,0,0,1,0,0,1
150455,IN,Earlham College,2013_14,NA,NA,NA,NA,NA,62427,1016,0.64,245,29390,7200550,1,0,0,1,0,0,0,1,0,0,1
150455,IN,Earlham College,2014_15,NA,NA,NA,NA,NA,62640,942,0.65,259,29004,7512036,1,0,0,1,0,0,0,1,0,0,1
150455,IN,Earlham College,2015_16,67,201,154,41845,7263775,63698,935,0.62,244,31654,7723576,1,0,0,1,0,0,0,1,0,0,1
150455,IN,Earlham College,2016_17,72,225,189,39738,8337956,64245,994,0.58,354,34679,12276366,1,0,0,1,0,0,0,1,0,0,1
150455,IN,Earlham College,2017_18,40,221,216,38827,9034877,63204,1027,0.52,283,32935,9320605,1,0,0,1,0,0,0,1,0,0,1
150455,IN,Earlham College,2018_19,62,224,214,34025,7641075,62806,1025,0.65,264,34493,9106152,1,0,0,1,0,0,0,1,0,0,1
150455,IN,Earlham College,2019_20,41,211,222,37537,8494627,62451,919,0.63,NA,NA,NA,1,0,0,1,0,0,0,1,0,0,1
169798,MI,Eastern Michigan University,2012_13,42,386,200,19772,4756977,42043,18383,0.6,2359,4712,11115608,0,1,0,1,1,1,0,0,0,1,0
169798,MI,Eastern Michigan University,2013_14,42,386,200,19772,4683498,42993,18543,0.64,2571,4799,12338229,0,1,0,1,1,1,0,0,0,1,0
169798,MI,Eastern Michigan University,2014_15,37,363,216,19475,4837488,42777,17723,0.69,2321,5083,11797643,0,1,0,1,1,1,0,0,0,1,0
169798,MI,Eastern Michigan University,2015_16,31,381,201,19111,4329810,44950,17275,0.75,2615,5668,14821820,0,1,0,1,1,1,0,0,0,1,0
169798,MI,Eastern Michigan University,2016_17,36,257,202,18693,4191946,44271,17025,0.73,2549,5289,13481661,0,1,0,1,1,1,0,0,0,1,0
169798,MI,Eastern Michigan University,2017_18,46,262,192,19613,4056661,45771,16536,0.45,2597,5569,14462693,0,1,0,1,1,1,0,0,0,1,0
169798,MI,Eastern Michigan University,2018_19,39,270,192,19613,3951654,27490,15256,0.76,2151,6082,13082382,0,1,0,1,1,1,0,0,0,1,0
169798,MI,Eastern Michigan University,2019_20,63,299,152,21357,3309189,28100,14381,0.74,NA,NA,NA,0,1,0,1,1,1,0,0,0,1,0
169910,MI,Ferris State University,2012_13,27,192,74,9375,834535,33985,12700,0.71,1382,4727,6532714,0,1,0,1,1,0,1,0,0,0,1
169910,MI,Ferris State University,2013_14,24,239,73,8230,711412,33321,12646,0.76,1227,4848,5948496,0,1,0,1,1,0,1,0,0,0,1
169910,MI,Ferris State University,2014_15,11,217,56,8255,531591,32263,12632,0.78,1261,5045,6361745,0,1,0,1,1,0,1,0,0,0,1
169910,MI,Ferris State University,2015_16,5,165,43,6820,330740,32723,12571,0.78,1322,4485,5929170,0,1,0,1,1,0,1,0,0,0,1
169910,MI,Ferris State University,2016_17,4,108,19,6330,133509,25507,12006,0.78,1319,4822,6360218,0,1,0,1,1,0,1,0,0,0,1
169910,MI,Ferris State University,2017_18,19,237,68,8913,652954,25376,11549,0.74,1418,5199,7372182,0,1,0,1,1,0,1,0,0,0,1
169910,MI,Ferris State University,2018_19,21,193,55,9430,544193,24719,11008,0.81,1326,4894,6489444,0,1,0,1,1,0,1,0,0,0,1
169910,MI,Ferris State University,2019_20,15,146,59,9000,541219,24109,10398,0.87,NA,NA,NA,0,1,0,1,1,0,1,0,0,0,1
170082,MI,Grand Valley State University,2012_13,47,270,151,8137,1477999,31832,21227,0.82,2809,4001,11238809,0,1,0,1,1,0,1,0,0,1,0
170082,MI,Grand Valley State University,2013_14,23,268,161,8900,1697130,31776,21137,0.83,2835,3806,10790010,0,1,0,1,1,0,1,0,0,1,0
170082,MI,Grand Valley State University,2014_15,35,251,138,9448,1499321,30783,21561,0.8,2861,4123,11795903,0,1,0,1,1,0,1,0,0,1,0
170082,MI,Grand Valley State University,2015_16,37,282,184,9206,1909316,30371,21889,0.81,2784,3981,11083104,0,1,0,1,1,0,1,0,0,1,0
170082,MI,Grand Valley State University,2016_17,31,265,168,8033,1498148,31016,22081,0.82,2894,4404,12745176,0,1,0,1,1,0,1,0,0,1,0
170082,MI,Grand Valley State University,2017_18,43,254,168,8337,1508934,31579,21837,0.81,2845,4727,13448315,0,1,0,1,1,0,1,0,0,1,0
170082,MI,Grand Valley State University,2018_19,42,243,154,9973,1611735,31719,21589,0.83,3054,6027,18406458,0,1,0,1,1,0,1,0,0,1,0
170082,MI,Grand Valley State University,2019_20,33,235,142,11402,1650406,31066,21019,0.83,NA,NA,NA,0,1,0,1,1,0,1,0,0,1,0
170301,MI,Hope College,2012_13,22,56,51,11918,731182,46529,3251,0.85,833,11829,9853557,1,0,1,0,0,0,0,1,1,0,0
170301,MI,Hope College,2013_14,17,67,57,12918,872060,47433,3296,0.73,761,12403,9438683,1,0,1,0,0,0,0,1,1,0,0
170301,MI,Hope College,2014_15,18,75,68,14154,1106854,47391,3312,0.77,757,13439,10173323,1,0,1,0,0,0,0,1,1,0,0
170301,MI,Hope College,2015_16,3,40,67,14115,1065968,47928,3254,0.72,718,13168,9454624,1,0,1,0,0,0,0,1,1,0,0
170301,MI,Hope College,2016_17,18,68,62,16413,1129686,48670,3083,0.84,669,14197,9497793,1,0,1,0,0,0,0,1,1,0,0
170301,MI,Hope College,2017_18,17,71,67,18338,1323589,48919,3029,0.74,752,15687,11796624,1,0,1,0,0,0,0,1,1,0,0
170301,MI,Hope College,2018_19,19,71,66,19201,1329823,49321,3046,0.76,759,15765,11965635,1,0,1,0,0,0,0,1,1,0,0
170301,MI,Hope College,2019_20,14,65,59,21316,1282016,49623,2966,0.86,NA,NA,NA,1,0,1,0,0,0,0,1,1,0,0
145725,IL,Illinois Institute of Technology,2012_13,NA,NA,NA,NA,NA,62459,2729,0.54,406,24488,9942128,1,0,1,0,1,1,0,0,1,0,0
145725,IL,Illinois Institute of Technology,2013_14,92,700,592,18080,12677087,64757,2855,0.57,463,25641,11871783,1,0,1,0,1,1,0,0,1,0,0
145725,IL,Illinois Institute of Technology,2014_15,92,909,661,19147,14554274,65816,3046,0.51,438,27838,12193044,1,0,1,0,1,1,0,0,1,0,0
145725,IL,Illinois Institute of Technology,2015_16,95,774,679,20234,15486300,68110,2923,0.53,479,29046,13913034,1,0,1,0,1,1,0,0,1,0,0
145725,IL,Illinois Institute of Technology,2016_17,NA,NA,NA,NA,NA,70415,2859,0.57,501,31390,15726390,1,0,1,0,1,1,0,0,1,0,0
145725,IL,Illinois Institute of Technology,2017_18,74,602,596,21980,14112115,67418,2763,0.54,472,31470,14853840,1,0,1,0,1,1,0,0,1,0,0
145725,IL,Illinois Institute of Technology,2018_19,85,529,594,22237,13861074,69067,2924,0.58,608,33859,20586272,1,0,1,0,1,1,0,0,1,0,0
145725,IL,Illinois Institute of Technology,2019_20,74,533,523,23645,12605992,69584,3032,0.6,NA,NA,NA,1,0,1,0,1,1,0,0,1,0,0
145813,IL,Illinois State University,2012_13,8,90,NA,NA,NA,39343,18179,0.74,1054,4548,4793592,0,1,0,1,1,1,0,0,0,1,0
145813,IL,Illinois State University,2013_14,8,81,NA,NA,NA,39911,17667,0.69,1120,4820,5398400,0,1,0,1,1,1,0,0,0,1,0
145813,IL,Illinois State University,2014_15,7,69,NA,NA,NA,39799,18056,0.74,1661,4924,8178764,0,1,0,1,1,1,0,0,0,1,0
145813,IL,Illinois State University,2015_16,14,75,NA,NA,NA,39719,18343,0.88,1757,5582,9807574,0,1,0,1,1,1,0,0,0,1,0
145813,IL,Illinois State University,2016_17,20,76,44,19003,928254,43634,18571,0.89,2012,5300,10663600,0,1,0,1,1,1,0,0,0,1,0
145813,IL,Illinois State University,2017_18,18,84,45,18980,879197,43130,18264,0.89,1818,5899,10724382,0,1,0,1,1,1,0,0,0,1,0
145813,IL,Illinois State University,2018_19,17,128,54,17795,1008392,43321,18044,0.89,2445,5263,12868035,0,1,0,1,1,1,0,0,0,1,0
145813,IL,Illinois State University,2019_20,23,117,46,21268,997278,43474,18199,0.82,NA,NA,NA,0,1,0,1,1,1,0,0,0,1,0
145646,IL,Illinois Wesleyan University,2012_13,NA,NA,NA,NA,NA,58369,2007,0.6,480,18216,8743680,1,0,1,0,0,0,0,1,1,0,0
145646,IL,Illinois Wesleyan University,2013_14,NA,NA,NA,NA,NA,59634,2000,0.58,520,20438,10627760,1,0,1,0,0,0,0,1,1,0,0
145646,IL,Illinois Wesleyan University,2014_15,63,147,144,21808,3586264,60593,1883,0.6,446,19513,8702798,1,0,1,0,0,0,0,1,1,0,0
145646,IL,Illinois Wesleyan University,2015_16,39,163,156,19031,3260704,61642,1834,0.62,441,21976,9691416,1,0,1,0,0,0,0,1,1,0,0
145646,IL,Illinois Wesleyan University,2016_17,28,159,149,20281,3332243,62969,1763,0.58,421,24430,10285030,1,0,1,0,0,0,0,1,1,0,0
145646,IL,Illinois Wesleyan University,2017_18,18,132,131,22319,3125683,64238,1642,0.61,368,25490,9380320,1,0,1,0,0,0,0,1,1,0,0
145646,IL,Illinois Wesleyan University,2018_19,17,95,93,25227,2435534,64034,1686,0.59,488,29243,14270584,1,0,1,0,0,0,0,1,1,0,0
145646,IL,Illinois Wesleyan University,2019_20,17,69,66,28203,1897432,65076,1619,0.61,NA,NA,NA,1,0,1,0,0,0,0,1,1,0,0
151351,IN,"Indiana University, Bloomington",2012_13,695,3285,279,9191,3084566,53610,31927,0.74,3524,8682,30595368,0,1,1,0,1,1,0,0,1,0,0
151351,IN,"Indiana University, Bloomington",2013_14,604,3438,427,7096,3588525,54434,31984,0.72,3458,9103,31478174,0,1,1,0,1,1,0,0,1,0,0
151351,IN,"Indiana University, Bloomington",2014_15,731,3535,976,3577,4014220,54360,32252,0.76,3691,7787,28741817,0,1,1,0,1,1,0,0,1,0,0
151351,IN,"Indiana University, Bloomington",2015_16,706,3574,1084,3950,4826211,53984,32694,0.78,4353,8021,34915413,0,1,1,0,1,1,0,0,1,0,0
151351,IN,"Indiana University, Bloomington",2016_17,671,3533,1035,4449,5111864,54028,32924,0.79,4450,8401,37384450,0,1,1,0,1,1,0,0,1,0,0
151351,IN,"Indiana University, Bloomington",2017_18,688,3438,1319,4694,6670232,52505,33104,0.76,4675,8375,39153125,0,1,1,0,1,1,0,0,1,0,0
151351,IN,"Indiana University, Bloomington",2018_19,580,3056,1042,5745,6282242,52001,32991,0.77,5715,8057,46045755,0,1,1,0,1,1,0,0,1,0,0
151351,IN,"Indiana University, Bloomington",2019_20,NA,NA,NA,NA,NA,52214,32794,0.78,NA,NA,NA,0,1,1,0,1,1,0,0,1,0,0
151333,IN,"Indiana University, Kokomo",2012_13,NA,NA,NA,NA,NA,22146,2654,0.7,102,1138,116076,0,1,1,0,0,0,0,1,1,0,0
151333,IN,"Indiana University, Kokomo",2013_14,2,8,1,3500,4145,22472,2708,0.74,116,1480,171680,0,1,1,0,0,0,0,1,1,0,0
151333,IN,"Indiana University, Kokomo",2014_15,3,10,2,572,1316,22403,2724,0.67,120,1968,236160,0,1,1,0,0,0,0,1,1,0,0
151333,IN,"Indiana University, Kokomo",2015_16,4,16,3,949,3208,22011,2778,0.71,163,1831,298453,0,1,1,0,0,0,0,1,1,0,0
151333,IN,"Indiana University, Kokomo",2016_17,2,17,9,2327,23254,22078,2771,0.69,142,1773,251766,0,1,1,0,0,0,0,1,1,0,0
151333,IN,"Indiana University, Kokomo",2017_18,7,28,9,2601,25214,21776,2746,0.7,168,2687,451416,0,1,1,0,0,0,0,1,1,0,0
151333,IN,"Indiana University, Kokomo",2018_19,4,29,11,4803,55441,21592,2730,0.8,199,2207,439193,0,1,1,0,0,0,0,1,1,0,0
151333,IN,"Indiana University, Kokomo",2019_20,NA,NA,NA,NA,NA,21496,2752,0.74,NA,NA,NA,0,1,1,0,0,0,0,1,1,0,0
151342,IN,"Indiana University, South Bend",2012_13,5,96,36,6056,262255,38884,5945,0.72,245,1606,393470,0,1,1,0,1,0,1,0,1,0,0
151342,IN,"Indiana University, South Bend",2013_14,24,114,24,5454,155029,35580,5538,0.7,335,1429,478715,0,1,1,0,1,0,1,0,1,0,0
151342,IN,"Indiana University, South Bend",2014_15,31,138,25,2797,80420,35014,5398,0.73,332,1705,566060,0,1,1,0,1,0,1,0,1,0,0
151342,IN,"Indiana University, South Bend",2015_16,23,163,29,3410,111473,34588,5165,0.76,362,1748,632776,0,1,1,0,1,0,1,0,1,0,0
151342,IN,"Indiana University, South Bend",2016_17,22,151,39,3671,158940,34472,4981,0.77,330,2216,731280,0,1,1,0,1,0,1,0,1,0,0
151342,IN,"Indiana University, South Bend",2017_18,12,140,35,3600,135739,33919,4790,0.78,364,2441,888524,0,1,1,0,1,0,1,0,1,0,0
151342,IN,"Indiana University, South Bend",2018_19,16,146,39,5100,208737,33604,4603,0.82,487,2129,1036823,0,1,1,0,1,0,1,0,1,0,0
151342,IN,"Indiana University, South Bend",2019_20,NA,NA,NA,NA,NA,33362,4432,0.78,NA,NA,NA,0,1,1,0,1,0,1,0,1,0,0
151379,IN,"Indiana University, Southeast",2012_13,2,19,11,923,12210,36629,5746,0.78,180,1666,299880,0,1,0,1,1,0,1,0,0,1,0
151379,IN,"Indiana University, Southeast",2013_14,5,19,2,1750,4145,36345,5699,0.79,596,660,393360,0,1,0,1,1,0,1,0,0,1,0
151379,IN,"Indiana University, Southeast",2014_15,4,21,11,950,12017,35745,5476,0.8,232,1574,365168,0,1,0,1,1,0,1,0,0,1,0
151379,IN,"Indiana University, Southeast",2015_16,0,15,6,2117,14315,35307,5228,0.85,238,1282,305116,0,1,0,1,1,0,1,0,0,1,0
151379,IN,"Indiana University, Southeast",2016_17,3,24,6,3656,24355,35082,4964,0.84,243,1867,453681,0,1,0,1,1,0,1,0,0,1,0
151379,IN,"Indiana University, Southeast",2017_18,3,26,4,2400,10344,34861,4722,0.83,210,1984,416640,0,1,0,1,1,0,1,0,0,1,0
151379,IN,"Indiana University, Southeast",2018_19,8,30,2,261,548,34519,4555,0.85,192,2611,501312,0,1,0,1,1,0,1,0,0,1,0
151379,IN,"Indiana University, Southeast",2019_20,NA,NA,NA,NA,NA,34628,4316,0.82,NA,NA,NA,0,1,0,1,1,0,1,0,0,1,0
151111,IN,"Indiana University–Purdue University, Indianapolis",2012_13,127,664,168,7514,1518620,53408,21379,0.67,1131,4819,5450289,0,1,1,0,1,1,0,0,1,0,0
151111,IN,"Indiana University–Purdue University, Indianapolis",2013_14,113,741,176,7525,1568498,50329,21569,0.7,1429,4535,6480515,0,1,1,0,1,1,0,0,1,0,0
151111,IN,"Indiana University–Purdue University, Indianapolis",2014_15,107,817,203,6226,1453522,49639,21777,0.71,1673,4473,7483329,0,1,1,0,1,1,0,0,1,0,0
151111,IN,"Indiana University–Purdue University, Indianapolis",2015_16,114,834,232,6431,1681741,48485,21217,0.7,2028,4035,8182980,0,1,1,0,1,1,0,0,1,0,0
151111,IN,"Indiana University–Purdue University, Indianapolis",2016_17,127,849,246,7171,1958521,47563,21001,0.74,2171,5130,11137230,0,1,1,0,1,1,0,0,1,0,0
151111,IN,"Indiana University–Purdue University, Indianapolis",2017_18,121,868,253,7815,2130009,46347,20870,0.8,2514,5363,13482582,0,1,1,0,1,1,0,0,1,0,0
151111,IN,"Indiana University–Purdue University, Indianapolis",2018_19,94,818,287,9148,2755213,45011,20651,0.81,2573,5231,13459363,0,1,1,0,1,1,0,0,1,0,0
151111,IN,"Indiana University–Purdue University, Indianapolis",2019_20,72,731,274,10979,3066437,45172,20500,0.81,NA,NA,NA,0,1,1,0,1,1,0,0,1,0,0
203517,OH,"Kent State University, Kent",2012_13,163,1084,72,16453,1424991,39574,21588,0.88,2887,4457,12867359,0,1,0,1,1,1,0,0,0,1,0
203517,OH,"Kent State University, Kent",2013_14,167,1277,81,15526,1360778,38949,22071,0.83,3241,4784,15504944,0,1,0,1,1,1,0,0,0,1,0
203517,OH,"Kent State University, Kent",2014_15,119,1342,89,14612,1329142,38508,22530,0.84,3309,5385,17818965,0,1,0,1,1,1,0,0,0,1,0
203517,OH,"Kent State University, Kent",2015_16,131,1291,71,17723,1418414,38023,22779,0.85,3404,5536,18844544,0,1,0,1,1,1,0,0,0,1,0
203517,OH,"Kent State University, Kent",2016_17,96,1177,73,18486,1498185,37610,22907,0.85,3441,5626,19359066,0,1,0,1,1,1,0,0,0,1,0
203517,OH,"Kent State University, Kent",2017_18,81,1015,97,17325,1810402,36677,22403,0.88,3634,5768,20960912,0,1,0,1,1,1,0,0,0,1,0
203517,OH,"Kent State University, Kent",2018_19,86,806,162,12110,2058798,37117,21793,0.85,3802,6191,23538182,0,1,0,1,1,1,0,0,0,1,0
203517,OH,"Kent State University, Kent",2019_20,85,708,220,10427,2338458,36234,21431,0.86,NA,NA,NA,0,1,0,1,1,1,0,0,0,1,0
203535,OH,Kenyon College,2012_13,28,70,58,39737,2772487,69662,1657,0.36,261,27729,7237269,1,0,0,1,0,0,0,1,0,0,1
203535,OH,Kenyon College,2013_14,24,74,52,43917,2704674,71014,1694,0.38,212,32379,6864348,1,0,0,1,0,0,0,1,0,0,1
203535,OH,Kenyon College,2014_15,21,73,48,46391,2560745,71483,1651,0.25,232,33296,7724672,1,0,0,1,0,0,0,1,0,0,1
203535,OH,Kenyon College,2015_16,20,77,57,47796,3070924,72546,1698,0.26,264,35327,9326328,1,0,0,1,0,0,0,1,0,0,1
203535,OH,Kenyon College,2016_17,27,78,51,50436,2855624,74015,1688,0.27,268,34416,9223488,1,0,0,1,0,0,0,1,0,0,1
203535,OH,Kenyon College,2017_18,36,94,57,53600,3291289,74580,1661,0.34,265,36166,9583990,1,0,0,1,0,0,0,1,0,0,1
203535,OH,Kenyon College,2018_19,59,123,78,56791,4648483,75283,1719,0.36,377,32860,12388220,1,0,0,1,0,0,0,1,0,0,1
203535,OH,Kenyon College,2019_20,56,161,97,58529,5787237,75994,1734,0.34,NA,NA,NA,1,0,0,1,0,0,0,1,0,0,1
146427,IL,Knox College,2012_13,NA,NA,NA,NA,NA,55725,1394,0.78,366,20690,7572540,1,0,0,1,0,0,0,1,0,0,1
146427,IL,Knox College,2013_14,NA,NA,NA,NA,NA,58332,1402,0.75,377,22786,8590322,1,0,0,1,0,0,0,1,0,0,1
146427,IL,Knox College,2014_15,NA,NA,NA,NA,NA,58788,1376,0.68,354,24669,8732826,1,0,0,1,0,0,0,1,0,0,1
146427,IL,Knox College,2015_16,53,172,167,24957,4697961,59470,1377,0.64,377,26545,10007465,1,0,0,1,0,0,0,1,0,0,1
146427,IL,Knox College,2016_17,66,186,183,25484,5177367,60521,1333,0.65,338,26764,9046232,1,0,0,1,0,0,0,1,0,0,1
146427,IL,Knox College,2017_18,70,226,217,29659,6933427,60924,1341,0.72,356,29103,10360668,1,0,0,1,0,0,0,1,0,0,1
146427,IL,Knox College,2018_19,48,221,223,29940,7006541,61205,1318,0.74,343,31827,10916661,1,0,0,1,0,0,0,1,0,0,1
146427,IL,Knox College,2019_20,65,234,236,33305,8012367,61300,1229,0.68,NA,NA,NA,1,0,0,1,0,0,0,1,0,0,1
146481,IL,Lake Forest College,2012_13,NA,NA,NA,NA,NA,60147,1534,0.57,407,21130,8599910,1,0,0,1,0,0,0,1,0,1,0
146481,IL,Lake Forest College,2013_14,NA,NA,NA,NA,NA,61586,1577,0.57,389,23660,9203740,1,0,0,1,0,0,0,1,0,1,0
146481,IL,Lake Forest College,2014_15,NA,NA,NA,NA,NA,61576,1600,0.55,403,24289,9788467,1,0,0,1,0,0,0,1,0,1,0
146481,IL,Lake Forest College,2015_16,32,117,142,27050,4328773,62142,1559,0.55,344,25915,8914760,1,0,0,1,0,0,0,1,0,1,0
146481,IL,Lake Forest College,2016_17,27,116,NA,NA,NA,63280,1514,0.57,352,28008,9858816,1,0,0,1,0,0,0,1,0,1,0
146481,IL,Lake Forest College,2017_18,28,119,116,31150,3892385,63209,1483,0.53,355,28025,9948875,1,0,0,1,0,0,0,1,0,1,0
146481,IL,Lake Forest College,2018_19,56,153,151,31763,5033066,63992,1466,0.58,386,30899,11927014,1,0,0,1,0,0,0,1,0,1,0
146481,IL,Lake Forest College,2019_20,51,171,177,33595,6061379,64067,1527,0.55,NA,NA,NA,1,0,0,1,0,0,0,1,0,1,0
239017,WI,Lawrence University,2012_13,37,114,110,20207,2673861,60832,1471,0.76,401,21363,8566563,1,0,1,0,0,0,0,1,1,0,0
239017,WI,Lawrence University,2013_14,46,141,136,20646,3325424,61464,1517,0.73,379,22933,8691607,1,0,1,0,0,0,0,1,1,0,0
239017,WI,Lawrence University,2014_15,40,138,138,22341,3545538,61858,1483,0.73,367,25535,9371345,1,0,1,0,0,0,0,1,1,0,0
239017,WI,Lawrence University,2015_16,57,158,153,25575,4410762,62306,1527,0.68,392,24888,9756096,1,0,1,0,0,0,0,1,1,0,0
239017,WI,Lawrence University,2016_17,46,170,166,26766,4902937,63083,1507,0.63,371,27046,10034066,1,0,1,0,0,0,0,1,1,0,0
239017,WI,Lawrence University,2017_18,33,169,164,27435,4846999,62975,1441,0.61,351,29121,10221471,1,0,1,0,0,0,0,1,1,0,0
239017,WI,Lawrence University,2018_19,55,181,179,28406,5335815,63111,1431,0.63,396,32111,12715956,1,0,1,0,0,0,0,1,1,0,0
239017,WI,Lawrence University,2019_20,54,174,174,30102,5339208,63370,1425,0.62,NA,NA,NA,1,0,1,0,0,0,0,1,1,0,0
146612,IL,Lewis University,2012_13,5,39,24,11638,336003,45675,4452,0.56,663,11450,7591350,1,0,0,1,1,0,1,0,0,1,0
146612,IL,Lewis University,2013_14,7,37,23,22051,600686,46586,4489,0.56,686,12857,8819902,1,0,0,1,1,0,1,0,0,1,0
146612,IL,Lewis University,2014_15,8,37,24,23214,640698,46787,4605,0.62,736,13437,9889632,1,0,0,1,1,0,1,0,0,1,0
146612,IL,Lewis University,2015_16,5,46,27,19812,602955,47455,4529,0.62,696,13761,9577656,1,0,0,1,1,0,1,0,0,1,0
146612,IL,Lewis University,2016_17,8,57,29,23615,760280,48958,4433,0.59,637,15740,10026380,1,0,0,1,1,0,1,0,0,1,0
146612,IL,Lewis University,2017_18,7,69,40,20978,903954,48951,4372,0.54,603,17500,10552500,1,0,0,1,1,0,1,0,0,1,0
146612,IL,Lewis University,2018_19,11,81,52,24332,1327771,49067,4217,0.58,644,18826,12123944,1,0,0,1,1,0,1,0,0,1,0
146612,IL,Lewis University,2019_20,16,89,67,27339,1867149,48909,4125,0.64,NA,NA,NA,1,0,0,1,1,0,1,0,0,1,0
146719,IL,"Loyola University, Chicago",2012_13,NA,NA,NA,NA,NA,59410,9465,0.81,1896,16007,30349272,1,0,1,0,1,1,0,0,1,0,0
146719,IL,"Loyola University, Chicago",2013_14,NA,NA,NA,NA,NA,60725,9931,0.85,2333,15869,37022377,1,0,1,0,1,1,0,0,1,0,0
146719,IL,"Loyola University, Chicago",2014_15,77,353,138,13102,2079252,61319,10042,0.63,2154,16888,36376752,1,0,1,0,1,1,0,0,1,0,0
146719,IL,"Loyola University, Chicago",2015_16,108,504,252,11923,3386801,63727,10276,0.71,2073,17523,36325179,1,0,1,0,1,1,0,0,1,0,0
146719,IL,"Loyola University, Chicago",2016_17,99,536,340,14638,5525080,65058,10906,0.73,2530,19808,50114240,1,0,1,0,1,1,0,0,1,0,0
146719,IL,"Loyola University, Chicago",2017_18,107,604,437,16365,7704262,64591,11193,0.71,2574,20513,52800462,1,0,1,0,1,1,0,0,1,0,0
146719,IL,"Loyola University, Chicago",2018_19,78,556,436,17678,8088199,64357,11727,0.68,2717,20918,56834206,1,0,1,0,1,1,0,0,1,0,0
146719,IL,"Loyola University, Chicago",2019_20,58,471,400,16805,6852159,64345,12104,0.67,NA,NA,NA,1,0,1,0,1,1,0,0,1,0,0
203775,OH,Malone University,2012_13,NA,NA,NA,NA,NA,43847,1816,0.7,352,14577,5131104,1,0,1,0,1,0,1,0,1,0,0
203775,OH,Malone University,2013_14,NA,NA,NA,NA,NA,44927,1571,0.72,314,14407,4523798,1,0,1,0,1,0,1,0,1,0,0
203775,OH,Malone University,2014_15,NA,NA,NA,NA,NA,44693,1496,0.72,311,15528,4829208,1,0,1,0,1,0,1,0,1,0,0
203775,OH,Malone University,2015_16,0,10,10,29801,335917,46337,1293,0.69,243,16588,4030884,1,0,1,0,1,0,1,0,1,0,0
203775,OH,Malone University,2016_17,1,7,6,29393,195787,47349,1228,0.73,309,18216,5628744,1,0,1,0,1,0,1,0,1,0,0
203775,OH,Malone University,2017_18,2,13,12,23795,307599,46754,1200,0.66,335,19497,6531495,1,0,1,0,1,0,1,0,1,0,0
203775,OH,Malone University,2018_19,9,18,19,24448,487463,46866,1188,0.7,309,19677,6080193,1,0,1,0,1,0,1,0,1,0,0
203775,OH,Malone University,2019_20,3,16,19,22923,443964,46789,1055,0.71,NA,NA,NA,1,0,1,0,1,0,1,0,1,0,0
239105,WI,Marquette University,2012_13,NA,NA,NA,NA,NA,56414,8118,0.55,1926,13996,26956296,1,0,1,0,1,1,0,0,1,0,0
239105,WI,Marquette University,2013_14,NA,NA,NA,NA,NA,57641,8190,0.58,1985,14195,28177075,1,0,1,0,1,1,0,0,1,0,0
239105,WI,Marquette University,2014_15,NA,NA,NA,NA,NA,57772,8212,0.67,1985,15053,29880205,1,0,1,0,1,1,0,0,1,0,0
239105,WI,Marquette University,2015_16,65,291,276,12445,3871765,58305,8143,0.74,1870,16575,30995250,1,0,1,0,1,1,0,0,1,0,0
239105,WI,Marquette University,2016_17,50,266,259,14305,4113235,59377,8053,0.84,2002,19239,38516478,1,0,1,0,1,1,0,0,1,0,0
239105,WI,Marquette University,2017_18,43,245,231,17535,4363651,59544,8093,0.89,2019,20247,40878693,1,0,1,0,1,1,0,0,1,0,0
239105,WI,Marquette University,2018_19,27,221,211,18598,4118078,60924,8200,0.82,2162,21668,46846216,1,0,1,0,1,1,0,0,1,0,0
239105,WI,Marquette University,2019_20,30,200,183,19127,3568035,61672,8259,0.83,NA,NA,NA,1,0,1,0,1,1,0,0,1,0,0
204024,OH,"Miami University, Oxford",2012_13,134,796,232,6934,1935269,55843,14984,0.73,2662,6522,17361564,0,1,0,1,1,1,0,0,0,0,1
204024,OH,"Miami University, Oxford",2013_14,173,992,287,7399,2514977,53877,15378,0.67,2315,9546,22098990,0,1,0,1,1,1,0,0,0,0,1
204024,OH,"Miami University, Oxford",2014_15,248,1158,314,12041,4348255,52355,15454,0.66,2341,9057,21202437,0,1,0,1,1,1,0,0,0,0,1
204024,OH,"Miami University, Oxford",2015_16,294,1530,354,12680,5059795,51978,15975,0.66,2484,10253,25468452,0,1,0,1,1,1,0,0,0,0,1
204024,OH,"Miami University, Oxford",2016_17,283,1960,405,13111,5894798,53553,16597,0.65,2551,11067,28231917,0,1,0,1,1,1,0,0,0,0,1
204024,OH,"Miami University, Oxford",2017_18,311,2286,425,13655,6251922,55010,16816,0.68,2479,11790,29227410,0,1,0,1,1,1,0,0,0,0,1
204024,OH,"Miami University, Oxford",2018_19,293,2344,497,11734,6119668,55350,17038,0.75,2762,11092,30636104,0,1,0,1,1,1,0,0,0,0,1
204024,OH,"Miami University, Oxford",2019_20,183,2036,497,16484,8351611,54873,17044,0.8,NA,NA,NA,0,1,0,1,1,1,0,0,0,0,1
171100,MI,Michigan State University,2012_13,1252,3959,169,7063,1435885,52912,36976,0.71,3187,7826,24941462,0,1,1,0,1,1,0,0,1,0,0
171100,MI,Michigan State University,2013_14,1305,4525,192,7120,1619058,53931,37622,0.69,3452,8563,29559476,0,1,1,0,1,1,0,0,1,0,0
171100,MI,Michigan State University,2014_15,1187,4994,274,13696,4315430,54199,38395,0.66,3553,9585,34055505,0,1,1,0,1,1,0,0,1,0,0
171100,MI,Michigan State University,2015_16,1016,5044,315,20714,7355034,55061,38853,0.66,3696,9892,36560832,0,1,1,0,1,1,0,0,1,0,0
171100,MI,Michigan State University,2016_17,1081,4846,315,28099,9826303,56750,38851,0.66,3591,9817,35252847,0,1,1,0,1,1,0,0,1,0,0
171100,MI,Michigan State University,2017_18,981,4463,362,29822,11629742,57552,38770,0.72,3692,10407,38422644,0,1,1,0,1,1,0,0,1,0,0
171100,MI,Michigan State University,2018_19,716,3866,533,20620,11533321,56843,39208,0.78,4093,10118,41412974,0,1,1,0,1,1,0,0,1,0,0
171100,MI,Michigan State University,2019_20,657,3454,743,20170,15276941,55490,38950,0.71,NA,NA,NA,0,1,1,0,1,1,0,0,1,0,0
171128,MI,Michigan Technological University,2012_13,25,357,204,7683,1885398,47616,5532,0.75,1056,8599,9080544,0,1,0,1,1,1,0,0,0,0,1
171128,MI,Michigan Technological University,2013_14,28,315,234,6384,1769321,48860,5536,0.77,1181,8794,10385714,0,1,0,1,1,1,0,0,0,0,1
171128,MI,Michigan Technological University,2014_15,19,265,168,7678,1483354,48916,5576,0.76,1127,8905,10035935,0,1,0,1,1,1,0,0,0,0,1
171128,MI,Michigan Technological University,2015_16,29,242,157,8440,1493631,49192,5623,0.75,1172,9346,10953512,0,1,0,1,1,1,0,0,0,0,1
171128,MI,Michigan Technological University,2016_17,20,186,134,9619,1430937,49528,5739,0.76,1274,9405,11981970,0,1,0,1,1,1,0,0,0,0,1
171128,MI,Michigan Technological University,2017_18,10,149,124,9263,1237407,49925,5829,0.75,1216,9880,12014080,0,1,0,1,1,1,0,0,0,0,1
171128,MI,Michigan Technological University,2018_19,6,113,96,9883,995641,50422,5736,0.74,1159,10546,12222814,0,1,0,1,1,1,0,0,0,0,1
171128,MI,Michigan Technological University,2019_20,11,92,87,9945,881941,50742,5678,0.74,NA,NA,NA,0,1,0,1,1,1,0,0,0,0,1
239318,WI,Milwaukee School of Engineering,2012_13,20,142,48,10982,634130,53817,2372,0.57,470,19168,9008960,1,0,1,0,1,0,1,0,1,0,0
239318,WI,Milwaukee School of Engineering,2013_14,45,200,70,10167,842885,54741,2452,0.68,506,21271,10763126,1,0,1,0,1,0,1,0,1,0,0
239318,WI,Milwaukee School of Engineering,2014_15,44,315,83,11257,1074434,54656,2592,0.69,548,21202,11618696,1,0,1,0,1,0,1,0,1,0,0
239318,WI,Milwaukee School of Engineering,2015_16,33,346,112,10457,1320197,54838,2668,0.65,493,21403,10551679,1,0,1,0,1,0,1,0,1,0,0
239318,WI,Milwaukee School of Engineering,2016_17,26,289,131,10328,1502008,55865,2633,0.66,545,23369,12736105,1,0,1,0,1,0,1,0,1,0,0
239318,WI,Milwaukee School of Engineering,2017_18,20,263,137,10466,1544675,56068,2605,0.63,511,24461,12499571,1,0,1,0,1,0,1,0,1,0,0
239318,WI,Milwaukee School of Engineering,2018_19,13,196,125,11064,1451271,55992,2582,0.63,594,24579,14599926,1,0,1,0,1,0,1,0,1,0,0
239318,WI,Milwaukee School of Engineering,2019_20,16,146,103,11919,1251411,56198,2551,0.62,NA,NA,NA,1,0,1,0,1,0,1,0,1,0,0
147776,IL,Northeastern Illinois University,2012_13,NA,NA,NA,NA,NA,19835,9031,0.63,119,2365,281435,0,1,1,0,1,0,1,0,1,0,0
147776,IL,Northeastern Illinois University,2013_14,NA,NA,NA,NA,NA,21020,8827,0.6,119,2344,278936,0,1,1,0,1,0,1,0,1,0,0
147776,IL,Northeastern Illinois University,2014_15,NA,NA,NA,NA,NA,21348,8284,0.58,147,2120,311640,0,1,1,0,1,0,1,0,1,0,0
147776,IL,Northeastern Illinois University,2015_16,NA,NA,NA,NA,NA,21957,7979,0.67,101,2377,240077,0,1,1,0,1,0,1,0,1,0,0
147776,IL,Northeastern Illinois University,2016_17,32,274,16,1281,22747,42745,7570,0.71,132,2395,316140,0,1,1,0,1,0,1,0,1,0,0
147776,IL,Northeastern Illinois University,2017_18,4,160,3,3400,10988,43204,7014,0.69,137,2815,385655,0,1,1,0,1,0,1,0,1,0,0
147776,IL,Northeastern Illinois University,2018_19,7,140,2,2288,6296,43066,6306,0.56,97,2556,247932,0,1,1,0,1,0,1,0,1,0,0
147776,IL,Northeastern Illinois University,2019_20,3,86,NA,NA,NA,41170,5626,0.59,NA,NA,NA,0,1,1,0,1,0,1,0,1,0,0
171456,MI,Northern Michigan University,2012_13,15,112,34,1744,71334,29433,8199,0.68,1140,3259,3715260,0,1,0,1,1,0,1,0,0,0,1
171456,MI,Northern Michigan University,2013_14,15,74,49,1456,84504,30022,7959,0.73,1334,3800,5069200,0,1,0,1,1,0,1,0,0,0,1
171456,MI,Northern Michigan University,2014_15,6,72,47,2494,134778,30003,7718,0.72,1323,3806,5035338,0,1,0,1,1,0,1,0,0,0,1
171456,MI,Northern Michigan University,2015_16,24,89,49,3555,196358,30103,7278,0.7,1165,4234,4932610,0,1,0,1,1,0,1,0,0,0,1
171456,MI,Northern Michigan University,2016_17,20,86,68,3895,294023,30714,6983,0.76,1091,3810,4156710,0,1,0,1,1,0,1,0,0,0,1
171456,MI,Northern Michigan University,2017_18,8,74,51,4004,219990,31008,6635,0.74,1024,4553,4662272,0,1,0,1,1,0,1,0,0,0,1
171456,MI,Northern Michigan University,2018_19,9,69,60,4220,265758,31149,6722,0.66,1181,4873,5755013,0,1,0,1,1,0,1,0,0,0,1
171456,MI,Northern Michigan University,2019_20,14,81,52,3620,191901,30888,6756,0.66,NA,NA,NA,0,1,0,1,1,0,1,0,0,0,1
147767,IL,Northwestern University,2012_13,138,542,38,41581,1850698,73186,8936,0.18,1101,30177,33224877,1,0,1,0,1,1,0,0,1,0,0
147767,IL,Northwestern University,2013_14,181,608,46,42862,2335112,74843,8855,0.15,1103,32075,35378725,1,0,1,0,1,1,0,0,1,0,0
147767,IL,Northwestern University,2014_15,174,681,61,42259,2964402,75346,8725,0.13,1100,33135,36448500,1,0,1,0,1,1,0,0,1,0,0
147767,IL,Northwestern University,2015_16,178,724,69,44641,3472032,76717,8576,0.13,1096,36262,39743152,1,0,1,0,1,1,0,0,1,0,0
147767,IL,Northwestern University,2016_17,192,818,93,47879,4943289,78262,8563,0.11,1069,41439,44298291,1,0,1,0,1,1,0,0,1,0,0
147767,IL,Northwestern University,2017_18,191,752,105,55219,6246007,78620,8489,0.09,1142,42714,48779388,1,0,1,0,1,1,0,0,1,0,0
147767,IL,Northwestern University,2018_19,213,780,181,58827,11173657,78335,8451,0.09,1095,45486,49807170,1,0,1,0,1,1,0,0,1,0,0
147767,IL,Northwestern University,2019_20,221,841,220,52326,11734528,80177,8530,0.09,NA,NA,NA,1,0,1,0,1,1,0,0,1,0,0
204501,OH,Oberlin College,2012_13,NA,NA,NA,NA,NA,71795,2930,0.31,628,21596,13562288,1,0,0,1,0,0,0,1,0,0,1
204501,OH,Oberlin College,2013_14,58,197,153,29620,5367277,73586,2894,0.3,671,22592,15159232,1,0,0,1,0,0,0,1,0,0,1
204501,OH,Oberlin College,2014_15,64,210,142,31132,5116444,74054,2961,0.33,654,23246,15202884,1,0,0,1,0,0,0,1,0,0,1
204501,OH,Oberlin College,2015_16,70,230,143,34325,5532861,75376,2912,0.29,664,24100,16002400,1,0,0,1,0,0,0,1,0,0,1
204501,OH,Oberlin College,2016_17,82,264,160,34214,6077405,76235,2895,0.28,632,28095,17756040,1,0,0,1,0,0,0,1,0,0,1
204501,OH,Oberlin College,2017_18,85,289,NA,36672,6187059,76842,2827,0.34,626,27293,17085418,1,0,0,1,0,0,0,1,0,0,1
204501,OH,Oberlin College,2018_19,105,315,178,36763,6867032,78322,2785,0.36,694,30380,21083720,1,0,0,1,0,0,0,1,0,0,1
204501,OH,Oberlin College,2019_20,98,349,182,38222,7091121,78617,2846,0.36,NA,NA,NA,1,0,0,1,0,0,0,1,0,0,1
204796,OH,"Ohio State University, Columbus",2012_13,591,3081,426,5867,3006537,48511,41877,0.64,5169,7346,37971474,0,1,1,0,1,1,0,0,1,0,0
204796,OH,"Ohio State University, Columbus",2013_14,505,3206,327,5443,2107880,48794,43139,0.56,5575,8174,45570050,0,1,1,0,1,1,0,0,1,0,0
204796,OH,"Ohio State University, Columbus",2014_15,565,3312,217,4699,1172638,48627,43733,0.53,5581,8143,45446083,0,1,1,0,1,1,0,0,1,0,0
204796,OH,"Ohio State University, Columbus",2015_16,380,3164,164,4484,828828,48334,44131,0.49,5587,8626,48193462,0,1,1,0,1,1,0,0,1,0,0
204796,OH,"Ohio State University, Columbus",2016_17,849,3566,94,3893,406210,48861,44762,0.54,5556,8481,47120436,0,1,1,0,1,1,0,0,1,0,0
204796,OH,"Ohio State University, Columbus",2017_18,588,3599,42,3804,172113,49707,44853,0.48,5276,8867,46782292,0,1,1,0,1,1,0,0,1,0,0
204796,OH,"Ohio State University, Columbus",2018_19,984,3947,21,3719,81949,49723,45769,0.52,5540,9090,50358600,0,1,1,0,1,1,0,0,1,0,0
204796,OH,"Ohio State University, Columbus",2019_20,676,3844,7,3084,22006,49836,45657,0.54,NA,NA,NA,0,1,1,0,1,1,0,0,1,0,0
243780,IN,"Purdue University, Main Campus",2012_13,1008,4944,224,1650,444682,50848,31055,0.62,2794,7208,20139152,0,1,1,0,1,1,0,0,0,1,0
243780,IN,"Purdue University, Main Campus",2013_14,976,4935,189,1484,332258,49795,30167,0.6,3007,7713,23192991,0,1,1,0,1,1,0,0,0,1,0
243780,IN,"Purdue University, Main Campus",2014_15,1141,5240,191,2097,460658,48074,29977,0.59,2744,6321,17344824,0,1,1,0,1,1,0,0,0,1,0
243780,IN,"Purdue University, Main Campus",2015_16,1060,5212,197,2401,533167,47155,30233,0.59,3002,6919,20770838,0,1,1,0,1,1,0,0,0,1,0
243780,IN,"Purdue University, Main Campus",2016_17,942,5129,256,2321,659520,46443,30849,0.56,3199,6845,21897155,0,1,1,0,1,1,0,0,1,0,0
243780,IN,"Purdue University, Main Campus",2017_18,890,4960,683,1595,1173461,44830,31887,0.58,3665,6761,24779065,0,1,1,0,1,1,0,0,1,0,0
243780,IN,"Purdue University, Main Campus",2018_19,792,4653,414,1859,807809,43680,33495,0.58,3552,6773,24057696,0,1,1,0,1,1,0,0,1,0,0
243780,IN,"Purdue University, Main Campus",2019_20,1061,4649,390,3025,1202364,42491,34376,0.6,NA,NA,NA,0,1,1,0,1,1,0,0,1,0,0
152318,IN,Rose Hulman Institute of Technology,2012_13,NA,NA,NA,NA,NA,66658,2097,0.66,618,17585,10867530,1,0,1,0,0,0,0,1,1,0,0
152318,IN,Rose Hulman Institute of Technology,2013_14,63,200,186,5306,1168772,67671,2165,0.56,555,17642,9791310,1,0,1,0,0,0,0,1,1,0,0
152318,IN,Rose Hulman Institute of Technology,2014_15,82,237,218,4977,1247599,67550,2208,0.59,576,17634,10157184,1,0,1,0,0,0,0,1,1,0,0
152318,IN,Rose Hulman Institute of Technology,2015_16,66,265,242,4808,1311454,68309,2231,0.58,532,18336,9754752,1,0,1,0,0,0,0,1,1,0,0
152318,IN,Rose Hulman Institute of Technology,2016_17,80,281,262,4852,1411310,69389,2186,0.61,532,20053,10668196,1,0,1,0,0,0,0,1,1,0,0
152318,IN,Rose Hulman Institute of Technology,2017_18,87,314,294,4813,1524345,70056,2146,0.61,550,19497,10723350,1,0,1,0,0,0,0,1,1,0,0
152318,IN,Rose Hulman Institute of Technology,2018_19,81,312,307,5086,1638610,71041,2073,0.68,492,21230,10445160,1,0,1,0,0,0,0,1,1,0,0
152318,IN,Rose Hulman Institute of Technology,2019_20,40,284,39,11487,456675,71764,1992,0.74,NA,NA,NA,1,0,1,0,0,0,0,1,1,0,0
172051,MI,Saginaw Valley State University,2012_13,43,328,NA,NA,NA,35555,8825,0.85,687,3997,2745939,0,1,0,1,1,0,1,0,0,0,1
172051,MI,Saginaw Valley State University,2013_14,52,388,NA,NA,NA,36163,8687,0.79,1091,3456,3770496,0,1,0,1,1,0,1,0,0,0,1
172051,MI,Saginaw Valley State University,2014_15,26,405,NA,NA,NA,36141,8453,0.8,885,4581,4054185,0,1,0,1,1,0,1,0,0,0,1
172051,MI,Saginaw Valley State University,2015_16,240,648,NA,NA,NA,36456,8434,0.76,1240,3903,4839720,0,1,0,1,1,0,1,0,0,0,1
172051,MI,Saginaw Valley State University,2016_17,50,466,465,10903,1973008,37304,7913,0.76,1006,4963,4992778,0,1,0,1,1,0,1,0,0,1,0
172051,MI,Saginaw Valley State University,2017_18,51,480,218,11132,2614389,37805,7498,0.74,921,4911,4523031,0,1,0,1,1,0,1,0,0,1,0
172051,MI,Saginaw Valley State University,2018_19,31,421,190,11479,2288786,37947,7431,0.77,1495,5379,8041605,0,1,0,1,1,0,1,0,0,1,0
172051,MI,Saginaw Valley State University,2019_20,23,329,167,11662,1985288,38797,7209,0.73,NA,NA,NA,0,1,0,1,1,0,1,0,0,1,0
152390,IN,St. Mary's College,2012_13,7,20,18,20650,447133,55239,1454,0.85,404,17762,7175848,1,0,0,1,0,0,0,1,0,0,1
152390,IN,St. Mary's College,2013_14,7,24,22,20773,541261,56446,1470,0.86,420,19580,8223600,1,0,0,1,0,0,0,1,0,1,0
152390,IN,St. Mary's College,2014_15,5,23,11,24524,310220,56694,1508,0.83,363,20047,7277061,1,0,0,1,0,0,0,1,0,1,0
152390,IN,St. Mary's College,2015_16,5,23,19,17763,380429,57622,1559,0.8,414,23126,9574164,1,0,0,1,0,0,0,1,0,1,0
152390,IN,St. Mary's College,2016_17,9,24,23,19784,505170,58728,1576,0.82,432,24263,10481616,1,0,0,1,0,0,0,1,0,1,0
152390,IN,St. Mary's College,2017_18,3,21,19,17647,361210,59466,1489,0.78,362,27116,9815992,1,0,0,1,0,0,0,1,0,1,0
152390,IN,St. Mary's College,2018_19,2,14,12,18750,23611,60130,1439,0.82,402,27350,10994700,1,0,0,1,0,0,0,1,0,1,0
152390,IN,St. Mary's College,2019_20,2,13,13,24230,321090,60571,1425,0.81,NA,NA,NA,1,0,0,1,0,0,0,1,0,1,0
206048,OH,Tiffin University,2012_13,NA,NA,NA,NA,NA,41827,5016,0.51,428,10084,4315952,1,0,0,1,1,0,1,0,0,0,1
206048,OH,Tiffin University,2013_14,NA,NA,NA,NA,NA,43206,3309,0.39,427,10603,4527481,1,0,0,1,1,0,1,0,0,0,1
206048,OH,Tiffin University,2014_15,NA,NA,NA,NA,NA,39565,2603,0.54,447,10843,4846821,1,0,0,1,1,0,1,0,0,0,1
206048,OH,Tiffin University,2015_16,NA,NA,NA,NA,NA,40422,2305,0.93,436,11364,4954704,1,0,0,1,1,0,1,0,0,0,1
206048,OH,Tiffin University,2016_17,NA,NA,NA,NA,NA,40882,2189,0.76,412,12320,5075840,1,0,0,1,1,0,1,0,0,0,1
206048,OH,Tiffin University,2017_18,15,295,102,13131,1442951,40721,2095,0.69,432,13458,5813856,1,0,0,1,1,0,1,0,0,0,1
206048,OH,Tiffin University,2018_19,15,225,58,21904,1333194,42185,1995,0.69,458,13910,6370780,1,0,0,1,1,0,1,0,0,0,1
206048,OH,Tiffin University,2019_20,24,179,74,21426,1616205,42976,1901,0.69,NA,NA,NA,1,0,0,1,1,0,1,0,0,0,1
200800,OH,"University of Akron, Main Campus",2012_13,NA,NA,NA,NA,NA,37845,20724,0.97,1688,5336,9007168,0,1,1,0,1,1,0,0,1,0,0
200800,OH,"University of Akron, Main Campus",2013_14,NA,NA,NA,NA,NA,38278,19022,0.97,1670,5127,8562090,0,1,1,0,1,1,0,0,1,0,0
200800,OH,"University of Akron, Main Campus",2014_15,NA,NA,NA,NA,NA,38382,18148,0.96,2210,5210,11514100,0,1,1,0,1,1,0,0,1,0,0
200800,OH,"University of Akron, Main Campus",2015_16,NA,NA,NA,NA,NA,38192,17240,0.97,2363,5860,13847180,0,1,1,0,1,1,0,0,1,0,0
200800,OH,"University of Akron, Main Campus",2016_17,44,363,69,16572,1269446,39012,15630,0.96,1905,6774,12904470,0,1,1,0,1,1,0,0,1,0,0
200800,OH,"University of Akron, Main Campus",2017_18,29,331,73,16307,1282369,37292,15047,0.93,2267,6280,14236760,0,1,1,0,1,1,0,0,1,0,0
200800,OH,"University of Akron, Main Campus",2018_19,35,299,76,14857,1184925,32863,13676,0.69,2077,5348,11107796,0,1,1,0,1,1,0,0,1,0,0
200800,OH,"University of Akron, Main Campus",2019_20,36,269,91,14335,1329075,34231,12744,0.73,NA,NA,NA,0,1,1,0,1,1,0,0,1,0,0
201885,OH,"University of Cincinnati, Main Campus",2012_13,NA,NA,NA,NA,NA,50809,22698,0.68,2168,5943,12884424,0,1,1,0,1,1,0,0,1,0,0
201885,OH,"University of Cincinnati, Main Campus",2013_14,NA,NA,NA,NA,NA,50295,23360,0.73,2376,5169,12281544,0,1,1,0,1,1,0,0,1,0,0
201885,OH,"University of Cincinnati, Main Campus",2014_15,NA,NA,NA,NA,NA,49458,23795,0.76,2483,5596,13894868,0,1,1,0,1,1,0,0,1,0,0
201885,OH,"University of Cincinnati, Main Campus",2015_16,NA,NA,NA,NA,NA,48607,24066,0.76,2532,5640,14280480,0,1,1,0,1,1,0,0,1,0,0
201885,OH,"University of Cincinnati, Main Campus",2016_17,149,1089,375,9235,3844523,48070,24846,0.76,2705,5474,14807170,0,1,1,0,1,1,0,0,1,0,0
201885,OH,"University of Cincinnati, Main Campus",2017_18,167,1141,276,4848,1441410,46851,25523,0.77,2875,5757,16551375,0,1,1,0,1,1,0,0,1,0,0
201885,OH,"University of Cincinnati, Main Campus",2018_19,166,1162,438,9445,4341258,45741,25973,0.73,2988,5340,15955920,0,1,1,0,1,1,0,0,1,0,0
201885,OH,"University of Cincinnati, Main Campus",2019_20,173,1161,645,10339,6798025,44136,26610,0.77,NA,NA,NA,0,1,1,0,1,1,0,0,1,0,0
202480,OH,University of Dayton,2012_13,NA,NA,NA,NA,NA,55636,7793,0.55,1983,15110,29963130,1,0,1,0,1,1,0,0,1,0,0
202480,OH,University of Dayton,2013_14,NA,NA,NA,NA,NA,58673,7812,0.53,1700,15839,26926300,1,0,1,0,1,1,0,0,1,0,0
202480,OH,University of Dayton,2014_15,NA,NA,NA,NA,NA,59017,8305,0.59,2023,19301,39045923,1,0,1,0,1,1,0,0,1,0,0
202480,OH,University of Dayton,2015_16,NA,NA,NA,NA,NA,60339,8556,0.58,2016,18947,38197152,1,0,1,0,1,1,0,0,1,0,0
202480,OH,University of Dayton,2016_17,NA,NA,NA,NA,NA,62580,8261,0.6,1714,20822,35688908,1,0,1,0,1,1,0,0,1,0,0
202480,OH,University of Dayton,2017_18,NA,NA,NA,NA,NA,62137,8422,0.72,2102,22788,47900376,1,0,1,0,1,1,0,0,1,0,0
202480,OH,University of Dayton,2018_19,51,441,179,18401,3456398,62155,8508,0.72,2090,24911,52063990,1,0,1,0,1,1,0,0,1,0,0
202480,OH,University of Dayton,2019_20,67,422,134,22324,3049315,62079,8399,0.72,NA,NA,NA,1,0,1,0,1,1,0,0,1,0,0
169716,MI,University of Detroit Mercy,2012_13,NA,NA,NA,NA,NA,60739,2808,0.62,473,20828,9851644,1,0,1,0,1,0,1,0,1,0,0
169716,MI,University of Detroit Mercy,2013_14,NA,NA,NA,NA,NA,62060,2871,0.62,482,23174,11169868,1,0,1,0,1,0,1,0,1,0,0
169716,MI,University of Detroit Mercy,2014_15,34,149,131,13158,1982241,60146,2677,0.69,453,23680,10727040,1,0,1,0,1,0,1,0,1,0,0
169716,MI,University of Detroit Mercy,2015_16,28,131,94,21309,1960129,58759,2586,0.73,500,25319,12659500,1,0,1,0,1,0,1,0,1,0,0
169716,MI,University of Detroit Mercy,2016_17,32,145,99,21475,2360210,59476,2530,0.78,519,27368,14203992,1,0,1,0,1,0,1,0,1,0,0
169716,MI,University of Detroit Mercy,2017_18,44,217,124,20330,2715749,61812,2674,0.65,535,29049,15541215,1,0,1,0,1,0,1,0,1,0,0
169716,MI,University of Detroit Mercy,2018_19,36,228,102,16584,1775071,43262,2754,0.83,562,15751,8852062,1,0,1,0,1,0,1,0,1,0,0
169716,MI,University of Detroit Mercy,2019_20,41,181,90,16331,1498255,43474,2559,0.78,NA,NA,NA,1,0,1,0,1,0,1,0,1,0,0
145600,IL,"University of Illinois, Chicago",2012_13,60,250,87,3961,414607,49341,16593,0.64,2014,6479,13048706,0,1,1,0,1,1,0,0,1,0,0
145600,IL,"University of Illinois, Chicago",2013_14,66,327,83,4311,423795,49399,16601,0.71,1984,5998,11900032,0,1,1,0,1,1,0,0,1,0,0
145600,IL,"University of Illinois, Chicago",2014_15,67,379,37,5333,226922,48211,16635,0.75,2022,6191,12518202,0,1,1,0,1,1,0,0,1,0,0
145600,IL,"University of Illinois, Chicago",2015_16,104,427,25,7494,211182,47827,17368,0.77,2391,6180,14776380,0,1,1,0,1,1,0,0,1,0,0
145600,IL,"University of Illinois, Chicago",2016_17,91,479,24,5780,154015,47615,17804,0.74,2182,5977,13041814,0,1,1,0,1,1,0,0,1,0,0
145600,IL,"University of Illinois, Chicago",2017_18,204,761,14,4227,63749,46881,19106,0.77,2462,5490,13516380,0,1,1,0,1,1,0,0,1,0,0
145600,IL,"University of Illinois, Chicago",2018_19,273,1022,19,4311,85949,46259,20435,0.76,2547,5449,13878603,0,1,1,0,1,1,0,0,1,0,0
145600,IL,"University of Illinois, Chicago",2019_20,NA,NA,NA,NA,NA,45946,21311,0.73,NA,NA,NA,0,1,1,0,1,1,0,0,1,0,0
145637,IL,"University of Illinois, Urbana-Champaign",2012_13,914,4108,19,5914,135170,51372,31260,0.63,2909,7866,22882194,0,1,1,0,1,1,0,0,1,0,0
145637,IL,"University of Illinois, Urbana-Champaign",2013_14,1171,4629,7,10637,88182,51481,31663,0.62,3085,8252,25457420,0,1,1,0,1,1,0,0,1,0,0
145637,IL,"University of Illinois, Urbana-Champaign",2014_15,1065,4919,53,3276,199669,50822,31875,0.59,3255,8492,27641460,0,1,1,0,1,1,0,0,1,0,0
145637,IL,"University of Illinois, Urbana-Champaign",2015_16,1109,5070,33,6555,243821,50638,32170,0.66,3473,8410,29207930,0,1,1,0,1,1,0,0,1,0,0
145637,IL,"University of Illinois, Urbana-Champaign",2016_17,1042,5097,27,5046,151247,50719,32752,0.6,3521,8717,30692557,0,1,1,0,1,1,0,0,1,0,0
145637,IL,"University of Illinois, Urbana-Champaign",2017_18,1127,5121,28,4566,137740,49772,32884,0.62,3431,8865,30415815,0,1,1,0,1,1,0,0,1,0,0
145637,IL,"University of Illinois, Urbana-Champaign",2018_19,936,4854,15,7163,112758,48977,32974,0.62,3660,10020,36673200,0,1,1,0,1,1,0,0,1,0,0
145637,IL,"University of Illinois, Urbana-Champaign",2019_20,961,4651,19,7833,151700,48363,33080,0.59,NA,NA,NA,0,1,1,0,1,1,0,0,1,0,0
171146,MI,"University of Michigan, Flint",2012_13,68,256,39,2063,96772,37872,6677,0.74,234,3664,857376,0,1,1,0,1,0,1,0,1,0,0
171146,MI,"University of Michigan, Flint",2013_14,77,408,38,3090,139045,37839,6746,0.78,334,4976,1661984,0,1,1,0,1,0,1,0,1,0,0
171146,MI,"University of Michigan, Flint",2014_15,24,388,31,3871,137982,37678,6565,0.79,309,4384,1354656,0,1,1,0,1,0,1,0,1,0,0
171146,MI,"University of Michigan, Flint",2015_16,36,380,33,2656,98779,37265,6255,0.74,296,4150,1228400,0,1,1,0,1,0,1,0,1,0,0
171146,MI,"University of Michigan, Flint",2016_17,18,301,42,4953,230935,37530,5827,0.65,473,5542,2621366,0,1,1,0,1,0,1,0,1,0,0
171146,MI,"University of Michigan, Flint",2017_18,15,225,33,5713,203094,37584,5669,0.65,497,5315,2641555,0,1,1,0,1,0,1,0,1,0,0
171146,MI,"University of Michigan, Flint",2018_19,10,180,36,3738,141191,35835,5343,0.66,490,5107,2502430,0,1,1,0,1,0,1,0,1,0,0
171146,MI,"University of Michigan, Flint",2019_20,10,138,33,3369,113321,36300,5127,0.66,NA,NA,NA,0,1,1,0,1,0,1,0,1,0,0
152080,IN,University of Notre Dame,2012_13,96,306,99,31503,3751681,69536,8466,0.23,1172,30718,36001496,1,0,0,1,1,1,0,0,0,0,1
152080,IN,University of Notre Dame,2013_14,96,345,124,33229,4880013,71200,8466,0.22,1177,32007,37672239,1,0,0,1,1,1,0,0,0,1,0
152080,IN,University of Notre Dame,2014_15,119,385,161,36392,6737955,71829,8427,0.21,1097,34552,37903544,1,0,0,1,1,1,0,0,0,1,0
152080,IN,University of Notre Dame,2015_16,143,464,204,41935,9642906,73014,8425,0.2,1118,36897,41250846,1,0,0,1,1,1,0,0,0,1,0
152080,IN,University of Notre Dame,2016_17,120,494,241,43712,11695167,74429,8496,0.19,1145,38425,43996625,1,0,0,1,1,1,0,0,0,1,0
152080,IN,University of Notre Dame,2017_18,128,527,231,48220,11999684,74758,8527,0.19,1127,38004,42830508,1,0,0,1,1,1,0,0,0,1,0
152080,IN,University of Notre Dame,2018_19,134,541,231,51006,12364361,75347,8568,0.18,1143,40183,45929169,1,0,0,1,1,1,0,0,0,1,0
152080,IN,University of Notre Dame,2019_20,125,531,215,51752,11342031,75630,8689,0.16,NA,NA,NA,1,0,0,1,1,1,0,0,0,1,0
206084,OH,University of Toledo,2012_13,95,660,495,10427,6208852,39382,16134,NA,2876,5368,15438368,0,1,1,0,1,1,0,0,1,0,0
206084,OH,University of Toledo,2013_14,89,685,413,10726,5246487,39355,15440,0.91,2802,5653,15839706,0,1,1,0,1,1,0,0,1,0,0
206084,OH,University of Toledo,2014_15,113,837,351,11243,4538101,39268,15182,0.95,2992,6483,19397136,0,1,1,0,1,1,0,0,1,0,0
206084,OH,University of Toledo,2015_16,NA,NA,NA,NA,NA,39968,14989,0.93,2998,6595,19771810,0,1,1,0,1,1,0,0,1,0,0
206084,OH,University of Toledo,2016_17,94,1009,431,11345,5428196,39269,15145,0.94,3044,6024,18337056,0,1,1,0,1,1,0,0,1,0,0
206084,OH,University of Toledo,2017_18,67,959,410,11562,5106640,38351,15109,0.94,2734,6402,17503068,0,1,1,0,1,1,0,0,1,0,0
206084,OH,University of Toledo,2018_19,78,888,417,7378,5106058,39129,14893,0.94,2839,6383,18121337,0,1,1,0,1,1,0,0,1,0,0
206084,OH,University of Toledo,2019_20,135,855,491,6709,5508652,38471,14396,0.96,NA,NA,NA,0,1,1,0,1,1,0,0,1,0,0
240268,WI,"University of Wisconsin, Eau Claire",2012_13,10,209,120,3894,562105,31324,10367,0.77,853,1105,942565,0,1,1,0,1,0,1,0,1,0,0
240268,WI,"University of Wisconsin, Eau Claire",2013_14,18,187,124,4090,600703,30886,10218,0.77,775,1215,941625,0,1,1,0,1,0,1,0,1,0,0
240268,WI,"University of Wisconsin, Eau Claire",2014_15,20,212,118,3567,484070,30637,9987,0.84,800,1301,1040800,0,1,1,0,1,0,1,0,1,0,0
240268,WI,"University of Wisconsin, Eau Claire",2015_16,11,150,115,4359,565006,30735,9844,0.85,976,1359,1326384,0,1,1,0,1,0,1,0,1,0,0
240268,WI,"University of Wisconsin, Eau Claire",2016_17,8,157,84,5363,500141,30500,9936,0.78,980,1386,1358280,0,1,1,0,1,0,1,0,1,0,0
240268,WI,"University of Wisconsin, Eau Claire",2017_18,15,188,75,5442,439668,30153,10070,0.76,1047,1346,1409262,0,1,1,0,1,0,1,0,1,0,0
240268,WI,"University of Wisconsin, Eau Claire",2018_19,13,186,152,4975,793488,30038,10485,0.78,1024,1405,1438720,0,1,1,0,1,0,1,0,1,0,0
240268,WI,"University of Wisconsin, Eau Claire",2019_20,21,245,148,4228,637857,29660,10331,0.82,NA,NA,NA,0,1,1,0,1,0,1,0,1,0,0
240277,WI,"University of Wisconsin, Green Bay",2012_13,19,86,56,6977,469992,30315,6096,0.86,164,4305,706020,0,1,1,0,1,0,1,0,1,0,0
240277,WI,"University of Wisconsin, Green Bay",2013_14,16,96,51,5168,587591,30250,5765,0.85,190,3654,694260,0,1,1,0,1,0,1,0,1,0,0
240277,WI,"University of Wisconsin, Green Bay",2014_15,NA,NA,NA,NA,NA,29466,5674,0.87,182,4413,803166,0,1,1,0,1,0,1,0,1,0,0
240277,WI,"University of Wisconsin, Green Bay",2015_16,18,82,61,7438,687541,30088,5502,0.85,214,3481,744934,0,1,1,0,1,0,1,0,1,0,0
240277,WI,"University of Wisconsin, Green Bay",2016_17,15,75,62,9500,653958,29594,5509,0.73,223,3508,782284,0,1,1,0,1,0,1,0,1,0,0
240277,WI,"University of Wisconsin, Green Bay",2017_18,9,57,34,14166,518874,29285,5503,0.76,196,4093,802228,0,1,1,0,1,0,1,0,1,0,0
240277,WI,"University of Wisconsin, Green Bay",2018_19,13,69,NA,NA,NA,28527,6576,0.79,234,3237,757458,0,1,1,0,1,0,1,0,1,0,0
240277,WI,"University of Wisconsin, Green Bay",2019_20,15,77,59,10796,649293,28213,6490,0.85,NA,NA,NA,0,1,1,0,1,0,1,0,1,0,0
240329,WI,"University of Wisconsin, La Crosse ",2012_13,20,207,NA,NA,NA,30776,9155,0.77,384,1192,457728,0,1,1,0,1,0,1,0,1,0,0
240329,WI,"University of Wisconsin, La Crosse ",2013_14,18,188,NA,NA,NA,30279,9335,0.72,409,1623,663807,0,1,1,0,1,0,1,0,1,0,0
240329,WI,"University of Wisconsin, La Crosse ",2014_15,6,162,NA,NA,NA,29497,9492,0.76,428,2199,941172,0,1,1,0,1,0,1,0,1,0,0
240329,WI,"University of Wisconsin, La Crosse ",2015_16,9,132,NA,NA,NA,29218,9462,0.8,490,2104,1030960,0,1,1,0,1,0,1,0,1,0,0
240329,WI,"University of Wisconsin, La Crosse ",2016_17,14,95,NA,NA,NA,28699,9517,0.74,422,2205,930510,0,1,1,0,1,0,1,0,1,0,0
240329,WI,"University of Wisconsin, La Crosse ",2017_18,8,79,NA,NA,NA,28068,9436,0.73,447,1985,887295,0,1,1,0,1,0,1,0,1,0,0
240329,WI,"University of Wisconsin, La Crosse ",2018_19,4,71,43,3255,146885,27476,9517,0.71,464,2589,1201296,0,1,1,0,1,0,1,0,1,0,0
240329,WI,"University of Wisconsin, La Crosse ",2019_20,9,47,43,3255,142682,27016,9463,0.73,NA,NA,NA,0,1,1,0,1,0,1,0,1,0,0
240374,WI,"University of Wisconsin, Parkside",2012_13,12,67,55,5342,353449,30936,4315,0.79,48,1478,70944,0,1,0,1,0,0,0,1,0,1,0
240374,WI,"University of Wisconsin, Parkside",2013_14,14,78,6,1792,12732,30934,4354,0.76,52,1411,73372,0,1,0,1,0,0,0,1,0,1,0
240374,WI,"University of Wisconsin, Parkside",2014_15,13,75,13,2479,37061,30004,4274,0.86,51,1686,85986,0,1,0,1,0,0,0,1,0,1,0
240374,WI,"University of Wisconsin, Parkside",2015_16,6,75,59,5240,443011,31072,4158,0.82,47,1761,82767,0,1,0,1,0,0,0,1,0,1,0
240374,WI,"University of Wisconsin, Parkside",2016_17,5,59,NA,NA,NA,29741,4145,0.63,57,1426,81282,0,1,0,1,0,0,0,1,0,1,0
240374,WI,"University of Wisconsin, Parkside",2017_18,14,68,44,7719,365903,30241,4056,0.61,53,1493,79129,0,1,0,1,0,0,0,1,0,1,0
240374,WI,"University of Wisconsin, Parkside",2018_19,8,62,54,7027,398178,28948,3978,0.67,70,1765,123550,0,1,0,1,0,0,0,1,0,1,0
240374,WI,"University of Wisconsin, Parkside",2019_20,6,57,48,7560,369929,28537,3799,0.66,NA,NA,NA,0,1,0,1,0,0,0,1,0,1,0
240426,WI,"University of Wisconsin, Superior",2012_13,31,149,172,5748,1189345,30676,2465,0.89,86,4267,366962,0,1,0,1,0,0,0,1,0,1,0
240426,WI,"University of Wisconsin, Superior",2013_14,25,133,146,6494,1122921,30484,2415,0.89,75,3864,289800,0,1,0,1,0,0,0,1,0,1,0
240426,WI,"University of Wisconsin, Superior",2014_15,34,134,145,6746,1124840,29982,2353,0.89,95,3615,343425,0,1,0,1,0,0,0,1,0,1,0
240426,WI,"University of Wisconsin, Superior",2015_16,64,181,179,7032,1418740,30140,2268,0.94,95,3641,345895,0,1,0,1,0,0,0,1,0,1,0
240426,WI,"University of Wisconsin, Superior",2016_17,50,211,262,6176,1796231,29787,2263,0.76,101,3153,318453,0,1,0,1,0,0,0,1,0,1,0
240426,WI,"University of Wisconsin, Superior",2017_18,46,210,299,6735,2169417,29530,2241,0.76,85,3309,281265,0,1,0,1,0,0,0,1,0,1,0
240426,WI,"University of Wisconsin, Superior",2018_19,47,219,215,6859,1547497,28632,2191,0.78,81,3044,246564,0,1,0,1,0,0,0,1,0,1,0
240426,WI,"University of Wisconsin, Superior",2019_20,34,190,197,6397,1284560,27913,2150,0.82,NA,NA,NA,0,1,0,1,0,0,0,1,0,1,0
240189,WI,"University of Wisconsin, Whitewater",2012_13,NA,NA,NA,NA,NA,28674,10441,0.82,323,1390,448970,0,1,0,1,1,0,1,0,0,0,1
240189,WI,"University of Wisconsin, Whitewater",2013_14,NA,NA,NA,NA,NA,29195,10438,0.85,299,1422,425178,0,1,0,1,1,0,1,0,0,0,1
240189,WI,"University of Wisconsin, Whitewater",2014_15,NA,NA,NA,NA,NA,28654,10533,0.82,330,1678,553740,0,1,0,1,1,0,1,0,0,0,1
240189,WI,"University of Wisconsin, Whitewater",2015_16,NA,NA,NA,NA,NA,29749,10614,0.81,300,2129,638700,0,1,0,1,1,0,1,0,0,0,1
240189,WI,"University of Wisconsin, Whitewater",2016_17,23,97,82,3841,349703,29141,10826,0.69,313,2079,650727,0,1,0,1,1,0,1,0,0,0,1
240189,WI,"University of Wisconsin, Whitewater",2017_18,9,82,76,3968,324872,28415,10543,0.7,336,1770,594720,0,1,0,1,1,0,1,0,0,0,1
240189,WI,"University of Wisconsin, Whitewater",2018_19,10,82,77,4035,326009,29000,11045,0.76,342,1936,662112,0,1,0,1,1,0,1,0,0,0,1
240189,WI,"University of Wisconsin, Whitewater",2019_20,11,76,65,4198,278154,28375,10410,0.79,NA,NA,NA,0,1,0,1,1,0,1,0,0,0,1
152600,IN,Valparaiso University,2012_13,65,202,92,13243,1449703,53235,2930,0.8,711,18925,13455675,1,0,0,1,1,0,1,0,0,1,0
152600,IN,Valparaiso University,2013_14,52,265,82,9591,920135,54314,3209,0.8,837,20406,17079822,1,0,0,1,1,0,1,0,0,1,0
152600,IN,Valparaiso University,2014_15,36,253,126,13117,1900670,54923,3210,0.82,686,21046,14437556,1,0,0,1,1,0,1,0,0,1,0
152600,IN,Valparaiso University,2015_16,17,212,89,18570,1862999,55796,3125,0.82,734,22774,16716116,1,0,0,1,1,0,1,0,0,1,0
152600,IN,Valparaiso University,2016_17,15,173,89,17780,1756776,56829,3236,0.83,853,23633,20158949,1,0,0,1,1,0,1,0,0,1,0
152600,IN,Valparaiso University,2017_18,16,138,85,16410,1502627,57074,3186,0.84,799,24127,19277473,1,0,0,1,1,0,1,0,0,1,0
152600,IN,Valparaiso University,2018_19,5,116,88,17305,1598020,57653,3170,0.89,752,27052,20343104,1,0,0,1,1,0,1,0,0,1,0
152600,IN,Valparaiso University,2019_20,21,94,87,24820,2175870,58002,2965,0.86,NA,NA,NA,1,0,0,1,1,0,1,0,0,1,0
152673,IN,Wabash College,2012_13,10,60,53,17678,1127088,53831,901,0.67,237,18949,4490913,1,0,0,1,0,0,0,1,0,0,1
152673,IN,Wabash College,2013_14,21,60,61,27690,2000463,55262,896,0.7,246,21224,5221104,1,0,0,1,0,0,0,1,0,0,1
152673,IN,Wabash College,2014_15,16,65,58,27827,1856086,56326,923,0.7,251,22990,5770490,1,0,0,1,0,0,0,1,0,0,1
152673,IN,Wabash College,2015_16,15,59,55,29466,1826775,57983,866,0.61,238,24869,5918822,1,0,0,1,0,0,0,1,0,0,1
152673,IN,Wabash College,2016_17,11,57,54,32475,1946844,59005,841,0.63,213,26225,5585925,1,0,0,1,0,0,0,1,0,0,1
152673,IN,Wabash College,2017_18,16,59,58,34544,2158377,58819,862,0.63,232,29307,6799224,1,0,0,1,0,0,0,1,0,0,1
152673,IN,Wabash College,2018_19,12,50,50,34818,1790359,60078,881,0.65,274,32039,8778686,1,0,0,1,0,0,0,1,0,0,1
152673,IN,Wabash College,2019_20,7,40,40,35991,1467519,59908,866,0.64,NA,NA,NA,1,0,0,1,0,0,0,1,0,0,1
149772,IL,Western Illinois University,2012_13,20,108,27,5001,162460,34140,10263,0.63,846,2709,2291814,0,1,0,1,1,0,1,0,0,0,1
149772,IL,Western Illinois University,2013_14,10,159,25,4451,131802,34673,9873,0.59,908,3167,2875636,0,1,0,1,1,0,1,0,0,0,1
149772,IL,Western Illinois University,2014_15,8,212,22,4106,103881,33982,9645,0.7,1089,3731,4063059,0,1,0,1,1,0,1,0,0,0,1
149772,IL,Western Illinois University,2015_16,8,150,26,5943,174182,28638,9141,0.6,933,4088,3814104,0,1,0,1,1,0,1,0,0,0,1
149772,IL,Western Illinois University,2016_17,14,141,34,8170,308407,27804,8543,0.6,793,5142,4077606,0,1,0,1,1,0,1,0,0,0,1
149772,IL,Western Illinois University,2017_18,9,107,37,7322,291869,27831,7599,0.6,697,5013,3494061,0,1,0,1,1,0,1,0,0,0,1
149772,IL,Western Illinois University,2018_19,10,84,40,8334,349859,27281,6754,0.59,486,5715,2777490,0,1,0,1,1,0,1,0,0,0,1
149772,IL,Western Illinois University,2019_20,6,59,40,11684,476411,27062,5958,0.57,NA,NA,NA,0,1,0,1,1,0,1,0,0,0,1
206604,OH,"Wright State University, Dayton",2012_13,84,478,NA,NA,NA,37202,12602,NA,1342,3354,4501068,0,1,0,1,1,1,0,0,0,1,0
206604,OH,"Wright State University, Dayton",2013_14,74,595,NA,NA,NA,36054,12161,NA,1442,3705,5342610,0,1,0,1,1,1,0,0,0,1,0
206604,OH,"Wright State University, Dayton",2014_15,42,685,100,5056,633805,34396,12090,NA,1523,3985,6069155,0,1,0,1,1,1,0,0,0,1,0
206604,OH,"Wright State University, Dayton",2015_16,38,625,100,5056,621247,36133,12040,0.96,1452,4444,6452688,0,1,0,1,1,1,0,0,0,1,0
206604,OH,"Wright State University, Dayton",2016_17,16,463,NA,NA,NA,36087,11664,0.95,1186,4917,5831562,0,1,0,1,1,1,0,0,0,1,0
206604,OH,"Wright State University, Dayton",2017_18,21,357,58,8934,558199,35018,11251,0.97,1134,4787,5428458,0,1,0,1,1,1,0,0,0,1,0
206604,OH,"Wright State University, Dayton",2018_19,25,273,56,10867,638582,35952,10140,0.95,982,4852,4764664,0,1,0,1,1,1,0,0,0,1,0
206604,OH,"Wright State University, Dayton",2019_20,NA,NA,NA,NA,NA,35896,8651,0.96,NA,NA,NA,0,1,0,1,1,1,0,0,0,1,0
206622,OH,Xavier University,2012_13,13,66,35,12400,522085,54228,4351,0.68,1056,16033,16930848,1,0,1,0,1,0,1,0,1,0,0
206622,OH,Xavier University,2013_14,24,77,43,13551,690134,55357,4452,0.7,1280,17663,22608640,1,0,1,0,1,0,1,0,1,0,0
206622,OH,Xavier University,2014_15,27,94,59,16732,1112293,55176,4464,0.73,1201,19144,22991944,1,0,1,0,1,0,1,0,1,0,0
206622,OH,Xavier University,2015_16,18,95,68,15137,1160213,55481,4460,0.72,1136,20408,23183488,1,0,1,0,1,0,1,0,1,0,0
206622,OH,Xavier University,2016_17,25,94,71,16097,1268780,56485,4500,0.69,1096,19758,21654768,1,0,1,0,1,0,1,0,1,0,0
206622,OH,Xavier University,2017_18,14,83,71,22119,1691775,56428,4571,0.74,1227,20117,24683559,1,0,1,0,1,0,1,0,1,0,0
206622,OH,Xavier University,2018_19,12,77,70,25212,1851972,56992,4955,0.74,1387,20985,29106195,1,0,1,0,1,0,1,0,1,0,0
206622,OH,Xavier University,2019_20,10,59,77,22733,1784324,59388,5009,0.76,NA,NA,NA,1,0,1,0,1,0,1,0,1,0,0
